{
	"format_version": "1.8.0",
	"animations": {
		"animation.moth.fly": {
			"loop": true,
			"animation_length": 5,
			"bones": {
				"undefined": {
					"rotation": {
						"0.0": [0, 0, 0],
						"0.5": [0, 0, -30],
						"1.0": [0, 0, 0],
						"1.5": [0, 0, 30],
						"2.0": [0, 0, 0]
					}
				},
				"left_mid": {
					"rotation": [-195.86815, -173.78729, -150.59158],
					"position": [-2, 0, -1]
				},
				"left_back": {
					"rotation": [177.67434, -111.44783, -145.25365],
					"position": [0, 0, 0]
				},
				"left_front": {
					"rotation": [-226.58265, 64.81509, -129.79346],
					"position": [-1, 1, -1]
				},
				"right_front": {
					"rotation": [55.73437, -22.03614, -57.05419],
					"position": [1, 1, -1]
				},
				"right_mid": {
					"rotation": [18.6822, 4.98093, -29.62165],
					"position": [2, 0, -1]
				},
				"right_back": {
					"rotation": [2.43317, -1.43992, -23.87804],
					"position": [0, 0, -2]
				},
				"wing2": {
					"rotation": {
						"0.0": [0, 0, 0],
						"1.0": [0, 0, 40],
						"2.25": [0, 0, 0],
						"3.5": [0, 0, -40],
						"4.9583": [0, 0, 0]
					},
					"position": {
						"0.0": [0, 0, 0],
						"2.5": [0, 1, 0],
						"4.9583": [0, 0, 0]
					}
				},
				"wing1": {
					"rotation": {
						"0.0": [0, 0, 0],
						"1.0": [0, 0, -40],
						"2.25": [0, 0, 0],
						"3.5": [0, 0, 40],
						"5.0": [0, 0, 0]
					},
					"position": {
						"0.0": [0, 0, 0],
						"2.4583": [0, 1, 0],
						"5.0": [0, 0, 0]
					}
				},
				"body": {
					"position": {
						"0.0": [0, 0, 0],
						"2.5": [0, 1, 0],
						"5.0": [0, 0, 0]
					}
				},
				"bone4": {
					"rotation": [0, 0, -50],
					"position": [-0.25, 1, 0]
				},
				"head": {
					"position": {
						"0.0": [0, 0, 0],
						"2.5": [0, 1, 0],
						"5.0": [0, 0, 0]
					}
				},
				"bone2": {
					"rotation": {
						"0.0": [0, 0, 0],
						"0.7083": [5, 0, 0],
						"1.0": [0, 0, 0],
						"1.2917": [5, 0, 0],
						"2.0": [0, 0, 0],
						"3.0": [0, 0, 0],
						"3.7083": [5, 0, 0],
						"4.0": [0, 0, 0],
						"4.2917": [5, 0, 0],
						"5.0": [0, 0, 0]
					}
				},
				"bone6": {
					"rotation": [0, 0, -40],
					"position": [0, 1, 0]
				},
				"bone7": {
					"rotation": [0, 0, -40],
					"position": [0, 1, 0]
				},
				"bone3": {
					"rotation": [0, 0, -40],
					"position": [0, 0.5, 0]
				}
			}
		},
		"animation.moth.idle": {
			"loop": true,
			"animation_length": 36,
			"bones": {
				"undefined": {
					"rotation": {
						"0.0": [0, 0, 0],
						"0.25": [0, 0, 57.5],
						"9.2083": [0, 0, 57.5],
						"9.5": [0, 0, 20]
					},
					"position": {
						"0.0": [0, 1, 0],
						"1.5": [0, 0, 0],
						"3.0": [0, 1, 0],
						"4.5": [0, 0, 0],
						"6.5": [0, 1, 0],
						"8.5": [0, 0, 0],
						"10.0": [0, 1, 0],
						"12.0": [0, 0, 0],
						"14.0": [0, 1, 0]
					}
				},
				"wing2": {
					"rotation": {
						"0.0": [0, 0, 0],
						"0.25": [0, 0, -57.5],
						"9.2083": [0, 0, -57.5],
						"9.5": [0, 0, -20],
						"11.6667": [0, 0, -57.5],
						"11.9583": [0, 0, -20],
						"15.625": [0, 0, 20],
						"22.0833": [0, 0, -57.5],
						"29.625": [0, 0, -20],
						"36.0": [0, 0, -57.5]
					},
					"position": {
						"0.0": [0, 1, 0],
						"1.5": [0, 0, 0],
						"3.0": [0, 1, 0],
						"4.5": [0, 0, 0],
						"6.5": [0, 1, 0],
						"8.5": [0, 0, 0],
						"10.0": [0, 1, 0],
						"12.0": [0, 0, 0],
						"14.0": [0, 1, 0],
						"15.625": [0, 1, 0],
						"17.125": [0, 0, 0],
						"18.625": [0, 1, 0],
						"20.125": [0, 0, 0],
						"22.125": [0, 1, 0],
						"24.125": [0, 0, 0],
						"25.625": [0, 1, 0],
						"27.625": [0, 0, 0],
						"29.625": [0, 1, 0]
					}
				},
				"wing1": {
					"rotation": {
						"0.0": [0, 0, 0],
						"0.25": [0, 0, 57.5],
						"9.2083": [0, 0, 57.5],
						"9.5": [0, 0, 20],
						"11.6667": [0, 0, 57.5],
						"11.9583": [0, 0, 20],
						"15.625": [0, 0, -20],
						"22.0833": [0, 0, 57.5],
						"29.625": [0, 0, 20],
						"36.0": [0, 0, 57.5]
					},
					"position": {
						"0.0": [0, 1, 0],
						"1.5": [0, 0, 0],
						"3.0": [0, 1, 0],
						"4.5": [0, 0, 0],
						"6.5": [0, 1, 0],
						"8.5": [0, 0, 0],
						"10.0": [0, 1, 0],
						"12.0": [0, 0, 0],
						"14.0": [0, 1, 0],
						"15.625": [0, 1, 0],
						"17.125": [0, 0, 0],
						"18.625": [0, 1, 0],
						"20.125": [0, 0, 0],
						"22.125": [0, 1, 0],
						"24.125": [0, 0, 0],
						"25.625": [0, 1, 0],
						"27.625": [0, 0, 0],
						"29.625": [0, 1, 0],
						"32.0417": [0, 0, 0],
						"34.0833": [0, 1, 0],
						"35.9167": [0, 0, 0]
					}
				},
				"body": {
					"position": {
						"0.0": [0, 1, 0],
						"1.5": [0, 0, 0],
						"3.0": [0, 1, 0],
						"4.5": [0, 0, 0],
						"6.5": [0, 1, 0],
						"8.5": [0, 0, 0],
						"10.0": [0, 1, 0],
						"12.0": [0, 0, 0],
						"14.0": [0, 1, 0],
						"16.0": [0, 1, 0],
						"17.5": [0, 0, 0],
						"19.0": [0, 1, 0],
						"20.5": [0, 0, 0],
						"22.5": [0, 1, 0],
						"24.5": [0, 0, 0],
						"26.0": [0, 1, 0],
						"28.0": [0, 0, 0],
						"30.0": [0, 1, 0]
					}
				},
				"head": {
					"position": {
						"0.0": [0, 1, 0],
						"1.5": [0, 0, 0],
						"3.0": [0, 1, 0],
						"4.5": [0, 0, 0],
						"6.5": [0, 1, 0],
						"8.5": [0, 0, 0],
						"10.0": [0, 1, 0],
						"12.0": [0, 0, 0],
						"14.0": [0, 1, 0],
						"16.0": [0, 1, 0],
						"17.5": [0, 0, 0],
						"19.0": [0, 1, 0],
						"20.5": [0, 0, 0],
						"22.5": [0, 1, 0],
						"24.5": [0, 0, 0],
						"26.0": [0, 1, 0],
						"28.0": [0, 0, 0],
						"30.0": [0, 1, 0]
					}
				}
			}
		},
		"animation.moth.walk": {
			"loop": true,
			"animation_length": 0.5,
			"bones": {
				"left_back": {
					"rotation": {
						"0.0": {
							"post": [0, 67.5, 0],
							"lerp_mode": "catmullrom"
						},
						"0.25": {
							"post": [0, -45, 0],
							"lerp_mode": "catmullrom"
						},
						"0.375": {
							"post": [-36, -8.44, -63],
							"lerp_mode": "catmullrom"
						},
						"0.5": {
							"post": [0, 67.5, 0],
							"lerp_mode": "catmullrom"
						}
					}
				},
				"left_front": {
					"rotation": {
						"0.0": {
							"post": [0, 22.5, 0],
							"lerp_mode": "catmullrom"
						},
						"0.25": {
							"post": [0, -22.5, 0],
							"lerp_mode": "catmullrom"
						},
						"0.375": {
							"post": [45, -17.5, -57.5],
							"lerp_mode": "catmullrom"
						},
						"0.5": {
							"post": [0, 22.5, 0],
							"lerp_mode": "catmullrom"
						}
					}
				},
				"right_front": {
					"rotation": {
						"0.0": {
							"post": [0, 45, 0],
							"lerp_mode": "catmullrom"
						},
						"0.125": {
							"post": [-45.94854, 14.29461, 60.55063],
							"lerp_mode": "catmullrom"
						},
						"0.25": {
							"post": [0, -45, 0],
							"lerp_mode": "catmullrom"
						},
						"0.5": {
							"post": [0, 45, 0],
							"lerp_mode": "catmullrom"
						}
					}
				},
				"right_mid": {
					"rotation": {
						"0.0": {
							"post": [0, -22.5, 0],
							"lerp_mode": "catmullrom"
						},
						"0.25": {
							"post": [0, 22.5, 0],
							"lerp_mode": "catmullrom"
						},
						"0.375": {
							"post": [1.98954, 1.98834, 45.03453],
							"lerp_mode": "catmullrom"
						},
						"0.5": {
							"post": [0, -22.5, 0],
							"lerp_mode": "catmullrom"
						}
					}
				},
				"right_back": {
					"rotation": {
						"0.0": {
							"post": [0, 45, 0],
							"lerp_mode": "catmullrom"
						},
						"0.125": {
							"post": [30.12692, -18.34714, 52.2956],
							"lerp_mode": "catmullrom"
						},
						"0.25": {
							"post": [0, -45, 0],
							"lerp_mode": "catmullrom"
						},
						"0.5": {
							"post": [0, 45, 0],
							"lerp_mode": "catmullrom"
						}
					}
				},
				"moth": {
					"position": {
						"0.0": {
							"post": [0, 0, 0],
							"lerp_mode": "catmullrom"
						},
						"0.125": {
							"post": [0, 1, 0],
							"lerp_mode": "catmullrom"
						},
						"0.25": {
							"post": [0, 0, 0],
							"lerp_mode": "catmullrom"
						},